<?xml version="1.0" encoding="UTF-8"?>
<project-private xmlns="http://www.netbeans.org/ns/project-private/1">
    <editor-bookmarks xmlns="http://www.netbeans.org/ns/editor-bookmarks/2" lastBookmarkId="0"/>
    <open-files xmlns="http://www.netbeans.org/ns/projectui-open-files/2">
        <group>
            <file>file:/C:/Program%20Files%20(x86)/EasyPHP-DevServer-14.1VC9/data/localweb/Frienderla/getAmigos.php</file>
            <file>file:/C:/Program%20Files%20(x86)/EasyPHP-DevServer-14.1VC9/data/localweb/Frienderla/js/getAmigos.js</file>
        </group>
    </open-files>
</project-private>
